,brandid,mill_count,rspo_mill_count,unique_parent_co,unique_group_name,nonrspo_mill_count,brand,country,rspo_member_since,external_link,description_attribution,description,treeloss_sum,land_area,forest_area,treeloss_2001,treeloss_2002,treeloss_2003,treeloss_2004,treeloss_2005,treeloss_2006,treeloss_2007,treeloss_2008,treeloss_2009,treeloss_2010,treeloss_2011,treeloss_2012,treeloss_2013,treeloss_2014,treeloss_2015,treeloss_2016,treeloss_2017,treeloss_2018,treeloss_2019,treeloss_sum_proportion_of_land,treeloss_sum_proportion_of_forest,remaining_proportion_of_forest,risk_score_past,risk_score_current,risk_score_future
1,6,826,154,159,685,672,"General Mills, Inc",United States,2012-02-03,https://www.generalmills.com/en/Responsibility/Sustainability/sustainable-sourcing,RSPO,"General Mills manufactures and markets branded consumer foods worldwide. The company offers cereals, yogurt, soup, dinners, vegetables, dough products, dessert and baking mixes, pizza and pizza snacks, snacks; and a range of organic products, including soup, cereals; ice cream and frozen desserts, and grain snacks. General mills currently uses palm in a number of products. It sells its products through its direct sales personnel to grocery stores and other retailers. The company was founded in 1928 and is based in Minneapolis, Minnesota.",16636218.294705885,59627280.78105886,52034948.23200007,457832.22211764724,475786.4827058817,314006.77905882365,765048.4404705891,728592.2583529416,875871.4916470589,901132.7968235292,902453.1712941177,1249826.248588235,820027.3450588237,974314.1756470588,1438604.215411764,759187.9454117649,1191527.2041176478,974316.5354117659,1487499.1411764706,818604.4175294123,787471.3087058831,714116.1151764708,0.2790034708406581,0.3197124021442778,0.6802875978557221,3,3,3
3,2,822,156,160,685,666,Kellogg Company,United States,2018-07-28,http://crreport.kelloggcompany.com/esg-overview,Wikipedia,"The Kellogg Company, doing business as Kellogg's, is an American multinational food manufacturing company headquartered in Battle Creek, Michigan, United States. Kellogg's produces cereal and convenience foods, including crackers and toaster pastries and markets their products by several well known brands including Corn Flakes, Frosted Flakes, Pringles, Eggo, and Cheez-It. Kellogg's mission statement is ""Nourishing families so they can flourish and thrive.""Kellogg's products are manufactured and marketed in over 180 countries. Kellogg's largest factory is at Trafford Park in Trafford, Greater Manchester, United Kingdom, which is also the location of its UK headquarters. Other corporate office locations outside of Battle Creek include Chicago, Dublin (European Headquarters), Shanghai, and Quertaro City.",16542967.27058822,59258751.03670592,51686857.55294123,455997.6667058826,478482.4655294109,284457.8350588235,766665.2894117655,729176.6548235297,872108.998588235,889128.5463529406,903888.5978823528,1239786.6134117641,812254.7583529411,971156.5877647056,1443268.363764705,757582.8875294116,1191431.8425882354,970712.3678823542,1458631.9704705887,821543.4850588244,786754.6111764719,709937.7282352946,0.2791649668812833,0.3200613860814381,0.6799386139185619,3,3,3
5,3,820,153,160,681,667,PepsiCo,United States,2009-05-06,https://www.pepsico.com/sustainability/esg-topics-a-z,Wikipedia,"PepsiCo, Inc. is an American multinational food, snack and beverage corporation headquartered in Harrison, New York, in the hamlet of Purchase. PepsiCo has interests in the manufacturing, marketing, and distribution of grain-based snack foods, beverages, and other products. PepsiCo was formed in 1965 with the merger of the Pepsi-Cola Company and Frito-Lay, Inc. PepsiCo has since expanded from its namesake product Pepsi to a broader range of food and beverage brands, the largest of which included an acquisition of Tropicana Products in 1998 and the Quaker Oats Company in 2001, which added the Gatorade brand to its portfolio.",16567309.496117648,59618571.12105883,51722342.71235303,448170.36670588225,474429.3261176466,308913.8887058825,768434.3332941188,719792.6047058825,885033.0254117643,912582.5272941176,895418.8863529413,1244187.3165882344,807655.0002352943,954513.8791764708,1435188.5258823526,751779.189882353,1187202.1528235294,983221.5804705892,1494644.13,814652.0809411772,778409.0583529415,703081.6231764707,0.2778884026334144,0.3203124341883458,0.6796875658116541,3,3,3
7,7,777,144,155,654,633,The Hershey Company,United States,2011-04-21,https://www.thehersheycompany.com/en_us/sustainability/shared-business/palm-oil-facts.html,RSPO,"The Hershey Company is headquartered in the United States in Hershey, Pennsylvania and was founded in 1894 by Milton S. Hershey. Hershey is the largest producer of quality chocolate in North America and a global leader in chocolate and sugar confectionery. We market confectionery products in over 50 countries worldwide, employ more than 12,000 people and have revenues of more than $ 5 billion per year. Our mission is to bring sweet moments of Hershey happiness to the world every day. We do this through our values of being open to possibilities, making a difference, growing together and being one Hershey. This mission and these values are at the core of our work in Corporate Social Responsibility (CSR). We are building on Milton Hershey's legacy of commitment to consumers, community and children, by providing high-quality Hershey products while conducting our business in a socially responsible and environmentally sustainable manner. We have organized CSR-related business issues in four areas: environment, community, workplace and marketplace. In each area, we have defined priority statements and measurable targets. Our programs, priorities and targets are found in our CSR Report: www.thehersheycompany.com/social-responsibility/csr-report We will provide updates on our progress in future scorecard updates and CSR Reports. Regarding the Environment, we have identified sustainable sourcing as a priority. We seek to better understand the impacts of our current inputs and to learn how we can meet product requirements with more sustainable sourcing.",15582121.29705882,55593102.09494125,48235135.00729418,419792.9534117643,452506.17705882323,256233.66211764715,705537.2904705886,680558.5768235296,790336.6189411767,821983.6789411756,867264.9225882353,1153136.2041176462,784139.6710588231,928105.6122352942,1377040.2388235296,735011.7299999995,1141917.6589411756,928012.6302352956,1363144.5321176478,775778.2267058828,730939.1371764708,670681.7752941174,0.2802887536379577,0.3230450437155918,0.6769549562844082,3,3,3
4,8,686,146,141,579,540,L'Oreal,France,2004-05-17,https://www.loreal.com/en/commitments-and-responsibilities/for-our-products/,RSPO,"Founded in 1907, L'Oreal is the first cosmetics company in the world with consolidated sales of 25,84 billion euros in 2016. The group has a global workforce of 89 300 employees and maintains a portfolio of 34 international brands, sold in 140 countries.. L'Oreal is the cosmetics industry's largest investor in research with 3.3% of the Group annual turnover dedicated to R&D.",13032296.776588222,46206376.43047061,40267821.11223538,357653.14094117674,384063.2036470587,214613.37599999984,606474.4355294119,608805.8622352945,712049.8849411767,700207.8928235291,750608.0869411761,983826.0370588232,650930.3054117638,744674.7674117645,1120893.8809411759,592582.3785882354,936347.8994117648,738759.5297647056,1118355.4143529416,640104.4436470583,611147.7910588232,560198.4458823532,0.28204541847592546,0.32364047561114145,0.6763595243888585,3,3,3
2,5,589,106,141,509,483,Johnson & Johnson,United States,2006-10-03,https://www.jnj.com/sustainability-reporting,Wikipedia,"Johnson & Johnson is an American multinational corporation founded in 1886 that develops medical devices, pharmaceutical, and consumer packaged goods. Its common stock is a component of the Dow Jones Industrial Average and the company is ranked No. 37 on the 2018 Fortune 500 list of the largest United States corporations by total revenue. Johnson & Johnson is one of the world's most valuable companies. Johnson & Johnson is headquartered in New Brunswick, New Jersey, the consumer division being located in Skillman, New Jersey. The corporation includes some 250 subsidiary companies with operations in 60 countries and products sold in over 175 countries. Johnson & Johnson had worldwide sales of $70.1 billion during calendar year 2015. Johnson & Johnson's brands include numerous household names of medications and first aid supplies. Among its well-known consumer products are the Band-Aid Brand line of bandages, Tylenol medications, Johnson's Baby products, Neutrogena skin and beauty products, Clean & Clear facial wash and Acuvue contact lenses.",11730556.72411764,42009977.50164712,36572068.88011771,313238.1031764702,342395.45152941137,202240.65211764703,526267.7177647061,524747.142352941,605924.0421176468,625464.0885882347,642682.5317647058,872859.4330588222,629156.2009411764,703609.2321176465,1023093.7556470592,543434.8111764707,853152.1909411771,686086.6027058823,1016256.0850588236,572610.0903529414,549841.8525882349,497496.74011764687,0.2792326352390384,0.3207517945613112,0.6792482054386888,3,3,3
6,4,92,43,26,69,49,Royal FrieslandCampina N.V.,Netherlands,2007-12-31,https://www.frieslandcampina.com/sustainability/,Wikipedia,"Royal FrieslandCampina N.V. is a Dutch multinational dairy cooperative which is based in Amersfoort, Netherlands. It is the result of a merger between Friesland Foods and Campina on 31 December 2008.  It is the world's largest dairy co-operative and one of the top 5 dairy companies in the world with annual revenue of 11 billion euros (2016). FrieslandCampina has branch offices in 33 countries and employs a total of 21,927 people.  Its main brands are Friesche Vlag (or Frisian Flag in Indonesian market), Chocomel, Fristi, Friso, Dutch Lady, Milner, Campina, Landliebe, Optimel, Mona and ""Mix'it"". FrieslandCampina's products are sold in more than 100 countries.",1407466.3612941182,4249308.554470588,3643372.270941177,41065.09376470589,37832.6774117647,18422.39047058824,56904.60776470589,63716.32199999999,88602.66458823523,78637.62317647057,80744.92799999999,110251.78588235292,80650.05776470588,79138.37858823531,137344.47247058825,65669.73564705884,88278.23435294117,69465.98329411764,109677.5512941176,74371.18411764705,65051.60435294116,61641.06635294113,0.33122244319334243,0.3863086878384057,0.6136913121615943,5,5,3
0,1,13,13,5,7,0,Ferrero,Luxembourg,2005-01-17,https://www.ferrerocsr.com/,Wikipedia & RSPO,"Ferrero SpA, more commonly known as Ferrero Group, is an Italian manufacturer of branded chocolate and confectionery products, and the second biggest chocolate producer and confectionery company in the world. It was founded in 1946 in Alba, Piedmont, Italy, by Pietro Ferrero, a confectioner and small-time pastry maker who laid the groundwork for Nutella and famously added hazelnut to save money on chocolate. Family-owned to this day, the company has built itself into an international group with commercial interests in the Americas, Australasia, Asia and Africa, as well as in Western and Eastern Europe. The Group, which is headquartered in Luxembourg, has three R&D centres and twenty production plants.  Thanks to the dedicated commitment of 22,000 employees, brands like Nutella, Ferrero Rocher, Mon Cheri, Tic Tac, Kinder Bueno, Kinder Sorpresa and Raffaello have become worldwide successes.  For Ferrero, respecting nature is so important that the Group considers the objectives of its environmental policy on a par with its production goals. In order to do this, it has set ambitious goals on every impact it could have on the environment.",162386.89482352947,584410.0415294118,517617.6116470587,6998.747647058824,4538.221058823529,3190.3662352941183,13443.758117647061,10844.87505882353,8294.419764705883,7584.020470588236,10841.126470588237,8124.492705882352,8878.444235294115,8488.953529411765,9773.388705882353,6877.397647058824,12438.64023529412,6806.271529411762,14181.551294117646,7213.520117647059,7250.666470588236,6618.033529411764,0.27786465543706257,0.3137198023591479,0.6862801976408521,2,1,3
