brandid,treeloss_sum,land_area,forest_area,treeloss_2001,treeloss_2002,treeloss_2003,treeloss_2004,treeloss_2005,treeloss_2006,treeloss_2007,treeloss_2008,treeloss_2009,treeloss_2010,treeloss_2011,treeloss_2012,treeloss_2013,treeloss_2014,treeloss_2015,treeloss_2016,treeloss_2017,treeloss_2018,treeloss_2019,treeloss_sum_proportion_of_land,treeloss_sum_proportion_of_forest,remaining_proportion_of_forest
1,162386.89482352944,584410.0415294118,517617.61164705874,6998.7476470588235,4538.221058823529,3190.366235294118,13443.75811764706,10844.87505882353,8294.419764705883,7584.020470588236,10841.126470588235,8124.492705882352,8878.444235294115,8488.953529411765,9773.388705882353,6877.397647058824,12438.64023529412,6806.2715294117625,14181.551294117646,7213.520117647059,7250.666470588236,6618.033529411764,0.27786465543706257,0.31371980235914787,0.6862801976408521
2,16542967.270588221,59258751.03670592,51686857.55294123,455997.66670588264,478482.4655294109,284457.8350588235,766665.2894117655,729176.6548235297,872108.998588235,889128.5463529407,903888.5978823527,1239786.613411764,812254.7583529411,971156.5877647056,1443268.363764705,757582.8875294115,1191431.8425882354,970712.3678823542,1458631.9704705887,821543.4850588243,786754.6111764719,709937.7282352946,0.27916496688128334,0.32006138608143814,0.6799386139185619
3,16567309.496117648,59618571.12105883,51722342.71235303,448170.3667058823,474429.3261176466,308913.8887058825,768434.3332941188,719792.6047058825,885033.0254117642,912582.5272941175,895418.8863529412,1244187.3165882344,807655.0002352943,954513.8791764708,1435188.5258823524,751779.189882353,1187202.1528235294,983221.5804705893,1494644.1300000001,814652.0809411772,778409.0583529416,703081.6231764707,0.2778884026334144,0.3203124341883458,0.6796875658116541
4,1407466.3612941182,4249308.5544705875,3643372.2709411765,41065.09376470589,37832.6774117647,18422.390470588238,56904.607764705885,63716.321999999986,88602.66458823523,78637.62317647057,80744.92799999999,110251.78588235292,80650.05776470587,79138.37858823531,137344.47247058823,65669.73564705884,88278.23435294117,69465.98329411764,109677.55129411761,74371.18411764705,65051.604352941155,61641.06635294114,0.33122244319334243,0.3863086878384057,0.6136913121615943
5,11730556.72411764,42009977.50164712,36572068.880117714,313238.1031764702,342395.45152941137,202240.65211764703,526267.7177647061,524747.1423529409,605924.0421176468,625464.0885882347,642682.5317647058,872859.4330588222,629156.2009411764,703609.2321176465,1023093.7556470591,543434.8111764707,853152.1909411771,686086.6027058823,1016256.0850588237,572610.0903529414,549841.8525882349,497496.7401176469,0.2792326352390384,0.3207517945613112,0.6792482054386888
6,16636218.294705885,59627280.781058855,52034948.23200007,457832.2221176473,475786.4827058817,314006.77905882365,765048.440470589,728592.2583529416,875871.4916470589,901132.7968235292,902453.1712941177,1249826.2485882347,820027.3450588238,974314.1756470588,1438604.2154117639,759187.9454117648,1191527.2041176478,974316.535411766,1487499.1411764706,818604.4175294123,787471.3087058832,714116.1151764708,0.2790034708406581,0.3197124021442778,0.6802875978557221
7,15582121.29705882,55593102.09494125,48235135.007294185,419792.9534117643,452506.1770588232,256233.66211764715,705537.2904705886,680558.5768235296,790336.6189411767,821983.6789411757,867264.9225882353,1153136.2041176462,784139.6710588231,928105.6122352942,1377040.2388235296,735011.7299999995,1141917.6589411756,928012.6302352955,1363144.5321176478,775778.2267058828,730939.1371764708,670681.7752941174,0.28028875363795774,0.3230450437155918,0.6769549562844082
8,13032296.776588222,46206376.43047061,40267821.11223538,357653.14094117674,384063.2036470587,214613.37599999984,606474.4355294119,608805.8622352945,712049.8849411767,700207.8928235291,750608.0869411761,983826.0370588232,650930.3054117638,744674.7674117646,1120893.880941176,592582.3785882354,936347.8994117649,738759.5297647056,1118355.4143529416,640104.4436470583,611147.7910588233,560198.4458823533,0.28204541847592546,0.32364047561114145,0.6763595243888585
